MluCI	100	10	10	100	0	80	37	/AATT	6
FatI	10	100	50	50	100	65	55	/CATG	6
BssKI	0	50	100	50	100	80	60	/CCNGG	6
StyD4I	10	100	100	100	20	65	37	/CCNGG	6
PspGI	75	100	50	100	100	No	75	/CCWGG	6
BfuCI	100	50	25	100	15	80	37	/GATC	6
DpnII	0	0	100	0	100	65	37	/GATC	6
Tsp45I	100	25	0	75	50	No	65	/GTSAC	6
HindIII	50	100	10	50	25	65	37	A/AGCTT	3
PciI	50	75	100	50	0	80	37	A/CATGT	1
AgeI	100	50	10	75	50	65	37	A/CCGGT	6
SexAI	100	75	50	100	50	65	37	A/CCWGGT	6
MluI	25	75	100	50	100	65	37	A/CGCGT	3
HpyCH4IV	100	25	10	25	15	65	37	A/CGT	6
AflIII	25	75	100	50	100	80	37	A/CRYGT	6
SpeI	75	100	25	100	50	80	37	A/CTAGT	6
BglII	10	75	100	10	100	No	37	A/GATCT	6
AclI	10	10	0	100	5	No	37	AA/CGTT	6
SspI	50	100	50	50	100	65	37	AAT/ATT	2
BfuAI	0	75	100	10	100	65	50	ACCTGC(4/8)	6
BceAI	100	100	100	100	100	65	37	ACGGC(12/14)	6
HpyCH4III	100	50	25	100	20	80	37	ACN/GT	6
BsrI	0	50	100	10	100	80	65	ACTGG(1/-1)	6
BmrI	75	100	75	100	50	65	37	ACTGGG(5/4)	6
AluI	100	100	75	100	100	65	37	AG/CT	6
AfeI	25	50	25	100	100	65	37	AGC/GCT	6
StuI	100	100	50	100	50	65	37	AGG/CCT	1
ScaI	0	0	100	0	50	80	37	AGT/ACT	1
BspDI	25	75	50	100	100	65	37	AT/CGAT	6
AseI	0	75	100	0	50	65	37	AT/TAAT	6
PI-SceI	0	0	0	0	0	65	37	ATCTATGTCGGGTGCGGAGAAAGAGGTAAT(-15/-19)	6
NsiI	10	75	100	25	100	80	37	ATGCA/T	3
SwaI	10	10	100	10	15	65	25	ATTT/AAAT	6
MfeI	75	50	10	100	5	65	37	C/AATTG	3
CviAII	75	25	10	100	25	65	25	C/ATG	6
NcoI	100	100	100	100	100	65	37	C/CATGG	3
TspMI	50	75	50	100	20	No	75	C/CCGGG	6
XmaI	25	50	0	100	25	65	37	C/CCGGG	1
HpaII	100	50	10	50	15	65	37	C/CGG	6
BtgI	25	50	100	100	100	80	37	C/CRYGG	6
AvrII	100	100	50	100	50	80	37	C/CTAGG	6
StyI	25	75	100	10	15	65	37	C/CWWGG	3
EagI	10	25	100	10	100	65	37	C/GGCCG	6
BsiWI	100	100	100	25	100	80	55	C/GTACG	6
BfaI	75	50	10	100	0	80	37	C/TAG	6
PaeR7I	25	100	10	100	50	No	37	C/TCGAG	6
DdeI	75	100	100	75	100	65	37	C/TNAG	6
SfcI	75	50	10	100	25	65	37	C/TRYAG	6
AflII	50	100	25	100	0	65	37	C/TTAAG	6
SmlI	25	75	25	100	50	No	55	C/TYRAG	6
AvaI	10	75	10	100	50	80	37	C/YCGRG	6
NdeI	75	100	75	100	100	65	37	CA/TATG	6
PmlI	100	75	0	75	15	65	37	CAC/GTG	6
BssSI	0	50	100	10	100	80	37	CACGAG(-5/-1)	6
BmgBI	0	25	100	10	50	65	37	CACGTC(-3/-3)	6
AleI	10	25	10	100	0	65	37	CACNN/NNGTG	6
DraIII	100	75	100	25	50	65	37	CACNNN/GTG	6
PvuII	100	100	100	100	100	No	37	CAG/CTG	6
EcoP15I	75	100	100	100	50	65	37	CAGCAG(25/27)	6
AlwNI	10	100	100	100	10	65	37	CAGNNN/CTG	6
BtsIMutI	100	50	10	100	0	80	55	CAGTG(2/0)	6
NlaIII	25	25	25	100	5	65	37	CATG/	6
MslI	100	100	25	100	10	65	37	CAYNN/NNRTG	6
FspEI	0	0	0	100	0	65	37	CC(12/16)	6
ScrFI	100	100	100	100	100	65	37	CC/NGG	6
NciI	100	25	10	100	25	No	37	CC/SGG	6
Bsu36I	0	25	100	0	15	80	37	CC/TNAGG	6
BstNI	10	100	100	75	50	No	60	CC/WGG	6
PflMI	0	100	100	50	100	65	37	CCANNNN/NTGG	6
XcmI	10	100	50	50	20	65	37	CCANNNNN/NNNNTGG	6
BstXI	0	50	100	25	100	65	37	CCANNNNN/NTGG	6
BccI	100	50	10	50	15	65	37	CCATC(4/5)	6
SmaI	0	0	0	100	0	65	25	CCC/GGG	6
BseYI	10	50	100	50	100	65	37	CCCAGC(-5/-1)	6
FauI	100	50	10	100	50	65	55	CCCGC(4/6)	6
LpnPI	0	0	0	100	0	65	37	CCDG(10/14)	6
AciI	25	50	100	50	100	65	37	CCGC(-3/-1)	6
SacII	25	75	10	100	100	65	37	CCGC/GG	6
BsrBI	50	100	100	100	100	80	37	CCGCTC(-3/-3)	6
BslI	10	50	100	75	100	80	55	CCNNNNN/NNGG	6
MnlI	75	100	50	100	50	65	37	CCTC(7/6)	6
BbvCI	50	100	10	100	100	80	37	CCTCAGC(-5/-2)	6
SbfI	75	50	0	100	25	65	37	CCTGCA/GG	6
Bpu10I	10	25	100	25	100	80	37	CCTNAGC(-5/-2)	6
EcoNI	100	100	75	100	100	65	37	CCTNN/NNNAGG	6
HpyAV	100	100	25	100	50	65	37	CCTTC(6/5)	6
BstUI	100	100	50	100	100	No	60	CG/CG	6
RsrII	25	75	10	100	25	65	37	CG/GWCCG	6
PvuI	10	75	100	10	100	No	37	CGAT/CG	6
BsiEI	50	100	10	100	5	80	60	CGRY/CG	6
I-CeuI	10	10	0	100	0	65	37	CGTAACTATAACGGTCCTAAGGTAGCGAA(-9/-13)	6
BsmBI	75	100	100	100	100	80	55	CGTCTC(1/5)	6
Hpy99I	10	10	0	100	25	65	37	CGWCG/	6
MspA1I	50	100	50	100	50	65	37	CMG/CKG	6
SgrAI	100	50	10	100	50	65	37	CR/CCGGYG	6
BspCNI	100	75	10	100	15	80	25	CTCAG(9/7)	6
EarI	100	100	50	100	100	65	37	CTCTTC(1/4)	6
AcuI	50	100	50	100	100	65	37	CTGAAG(16/14)	6
PstI	75	75	100	50	50	80	37	CTGCA/G	6
BpmI	75	100	100	100	100	65	37	CTGGAG(16/14)	6
BpuEI	50	100	10	100	100	65	37	CTTGAG(16/14)	6
EcoRI	100	100	100	100	100	65	37	G/AATTC	6
HinfI	75	100	75	100	100	80	37	G/ANTC	6
TfiI	100	100	100	100	100	No	65	G/AWTC	6
NgoMIV	100	50	10	100	0	80	37	G/CCGGC	6
HinP1I	100	100	100	100	100	65	37	G/CGC	6
BssHII	100	100	100	100	100	80	50	G/CGCGC	6
NheI	100	100	10	100	15	65	37	G/CTAGC	6
ApeKI	25	75	100	50	100	No	75	G/CWGC	6
BamHI	75	100	100	100	100	No	37	G/GATCC	6
KasI	25	100	0	100	100	65	37	G/GCGCC	6
PspOMI	25	25	10	100	15	65	37	G/GGCCC	6
Sau96I	50	100	100	100	50	80	37	G/GNCC	6
Acc65I	10	75	100	25	50	65	37	G/GTACC	6
BstEII	50	75	100	75	100	No	60	G/GTNACC	6
AvaII	50	75	10	100	50	65	37	G/GWCC	6
BanI	50	100	50	100	25	65	37	G/GYRCC	6
CviQI	75	100	100	75	0	No	25	G/TAC	6
SalI	0	0	100	0	50	65	37	G/TCGAC	6
ApaLI	100	100	10	100	5	No	37	G/TGCAC	6
DpnI	100	100	75	100	100	80	37	GA/TC	6
MboII	100	100	50	100	100	65	37	GAAGA(8/7)	6
BbsI	100	100	25	75	50	65	37	GAAGAC(2/6)	6
XmnI	100	100	50	100	5	65	37	GAANN/NNTTC	6
BsmI	75	100	75	100	5	80	65	GAATGC(1/-1)	6
ZraI	100	25	10	100	10	No	37	GAC/GTC	6
HgaI	100	75	50	100	25	65	37	GACGC(5/10)	6
AatII	0	50	50	100	25	65	37	GACGT/C	6
PflFI	0	25	25	100	0	65	37	GACN/NNGTC	6
PshAI	50	50	0	100	5	65	37	GACNN/NNGTC	6
AhdI	25	75	0	100	10	65	37	GACNNN/NNGTC	6
DrdI	25	50	10	100	100	65	37	GACNNNN/NNGTC	6
Eco53kI	100	50	25	100	10	65	37	GAG/CTC	6
SacI	100	50	10	100	15	65	37	GAGCT/C	6
BseRI	100	100	75	100	100	65	37	GAGGAG(10/8)	6
PleI	10	100	100	100	50	65	37	GAGTC(4/5)	6
MlyI	50	50	25	100	25	65	37	GAGTC(5/5)	6
EcoRV	50	75	100	50	50	80	37	GAT/ATC	6
BsaBI	50	100	75	100	100	80	60	GATNN/NNATC	6
NotI	0	50	100	25	100	65	37	GC/GGCCGC	6
Fnu4HI	10	25	25	100	10	65	37	GC/NGC	6
BlpI	50	100	10	100	50	No	37	GC/TNAGC	6
BsrDI	50	100	50	75	50	80	65	GCAATG(2/0)	6
BbvI	100	100	25	75	100	65	37	GCAGC(8/12)	6
BtsI	100	50	50	100	25	80	55	GCAGTG(2/0)	6
BstAPI	25	100	100	100	100	80	60	GCANNNN/NTGC	6
SfaNI	0	75	100	25	50	65	37	GCATC(5/9)	6
SphI	100	100	50	100	50	65	37	GCATG/C	6
NaeI	100	75	10	100	25	65	37	GCC/GGC	6
NmeAIII	10	10	0	100	0	80	37	GCCGAG(21/19)	6
BglI	50	75	100	50	100	65	37	GCCNNNN/NGGC	6
HhaI	75	100	100	100	100	65	37	GCG/C	6
AsiSI	50	100	100	100	0	80	37	GCGAT/CGC	6
BtgZI	10	25	0	100	50	80	60	GCGATG(10/14)	6
Cac8I	50	75	100	100	50	65	37	GCN/NGC	6
MwoI	10	75	100	75	100	No	60	GCNNNNN/NNGC	6
BmtI	25	100	25	50	100	65	37	GCTAG/C	6
BspQI	10	50	100	100	100	80	50	GCTCTTC(1/4)	6
SapI	75	50	0	100	50	65	37	GCTCTTC(1/4)	6
Bsp1286I	25	25	25	100	10	65	37	GDGCH/C	6
HaeIII	50	100	25	100	100	80	37	GG/CC	6
NarI	100	75	75	100	50	65	37	GG/CGCC	6
AscI	0	10	10	100	5	65	37	GG/CGCGCC	6
AlwI	50	100	10	100	5	65	37	GGATC(4/5)	6
BtsCI	50	100	50	100	25	No	50	GGATG(2/0)	6
FokI	100	100	75	100	25	65	37	GGATG(9/13)	6
SfoI	25	100	50	100	100	No	37	GGC/GCC	6
FseI	100	75	0	100	50	65	37	GGCCGG/CC	6
SfiI	0	100	10	100	15	No	50	GGCCNNNN/NGGCC	6
EciI	100	50	50	100	0	65	37	GGCGGA(11/9)	6
BsmFI	25	50	50	100	15	80	65	GGGAC(10/14)	6
ApaI	25	50	0	100	5	65	25	GGGCC/C	6
NlaIV	10	10	10	100	100	65	37	GGN/NCC	6
KpnI	100	75	0	50	25	No	37	GGTAC/C	6
BsaI	75	75	100	100	100	65	37	GGTCTC(1/5)	6
HphI	0	75	0	100	10	65	37	GGTGA(8/7)	6
BaeGI	100	75	10	50	100	65	37	GKGCM/C	6
BsaHI	50	100	100	100	100	80	37	GR/CGYC	6
BanII	100	10	50	100	100	80	37	GRGCY/C	6
RsaI	100	100	50	100	15	65	37	GT/AC	6
AccI	50	50	10	100	5	80	37	GT/MKAC	6
BstZ17I	0	0	100	100	100	No	37	GTA/TAC	6
BciVI	100	50	0	100	25	65	37	GTATCC(6/5)	6
BcoDI	50	75	75	100	100	65	37	GTCTC(1/5)	6
BsgI	50	75	50	100	20	65	37	GTGCAG(16/14)	6
Hpy166II	100	100	50	100	20	65	37	GTN/NAC	6
HpaI	25	25	10	100	100	No	37	GTT/AAC	6
PmeI	0	50	10	100	5	65	37	GTTT/AAAC	6
HincII	75	100	100	100	100	65	37	GTY/RAC	6
BsiHKAI	50	100	100	100	25	No	65	GWGCW/C	6
TspRI	25	50	25	100	5	No	65	NNCASTGNN/	6
ApoI	10	75	100	75	100	80	50	R/AATTY	6
BsrFI	10	100	100	100	100	No	37	R/CCGGY	6
BstYI	50	100	75	100	50	80	60	R/GATCY	6
NspI	100	100	0	100	5	65	37	RCATG/Y	6
CviKI-1	10	50	25	100	100	80	37	RG/CY	6
EcoO109I	100	100	75	100	15	65	37	RG/GNCCY	6
PpuMI	0	25	0	100	10	No	37	RG/GWCCY	6
HaeII	75	100	50	100	25	80	37	RGCGC/Y	6
BspHI	10	100	50	100	5	65	37	T/CATGA	6
BspEI	0	10	100	0	100	80	37	T/CCGGA	6
XbaI	0	100	75	100	15	65	37	T/CTAGA	6
BclI	50	100	100	75	100	No	50	T/GATCA	6
BsrGI	25	100	10	100	50	80	37	T/GTACA	6
MseI	75	100	75	100	50	65	37	T/TAA	6
SnaBI	25	50	25	100	5	80	37	TAC/GTA	6
I-SceI	10	50	50	50	0	65	37	TAGGGATAACAGGGTAAT(-9/-13)	6
Hpy188III	100	100	10	100	5	65	37	TC/NNGA	6
MmeI	0	0	0	100	50	80	37	TCCRAC(20/18)	6
NruI	0	10	100	10	100	65	37	TCG/CGA	6
Hpy188I	50	25	10	100	50	65	37	TCN/GA	6
HpyCH4V	50	50	25	100	50	65	37	TG/CA	6
FspI	10	75	10	100	50	65	37	TGC/GCA	6
MscI	75	75	75	100	100	65	37	TGG/CCA	6
PI-PspI	0	10	10	10	0	No	65	TGGCAAACAGCTATTATGGGTATTATGGGT(-13/-17)	6
BstBI	75	50	25	100	50	No	65	TT/CGAA	6
PsiI	10	100	10	100	10	65	37	TTA/TAA	6
PacI	100	75	10	100	5	65	37	TTAAT/TAA	6
DraI	75	75	50	100	100	65	37	TTT/AAA	6
PspXI	0	100	10	100	50	80	37	VC/TCGAGB	6
BsaWI	50	100	50	100	40	80	60	W/CCGGW	6
EaeI	100	100	50	100	100	80	37	Y/GGCCR	6
BsaAI	100	100	100	100	100	No	37	YAC/GTR	6
BspMI	0	0	100	0	100	65	37	ACCTGC(4/8)	6
ClaI	10	50	50	100	50	65	37	AT/CGAT	6
XhoI	75	100	100	100	100	65	37	C/TCGAG	6
